Rank,Polish,English,IPA,Hint,Frequency
1,nie,no / not,/ɲɛ/,nyeh,8583207
2,to,this / it,/tɔ/,taw,6394833
3,się,oneself / reflexive,/ɕɛ̃/,shyen,5144785
4,w,in,/f/,f,3988120
5,na,on,/na/,nah,3386060
6,i,and,/i/,ee,3249275
7,że,that,/ʐɛ/,zheh,3140397
8,z,with / from,/z/,z,3104206
9,co,what,/t͡sɔ/,tso,2834994
10,jest,is,/jɛst/,yest,2730378
11,do,to / into,/dɔ/,daw,2318623
12,tak,yes / so,/tak/,tahk,2202077
13,o,about,/ɔ/,o,1780471
14,jak,how / like,/jak/,yak,1709256
15,ale,but,/ˈalɛ/,AH-leh,1523438
16,a,and / but,/a/,ah,1493736
17,mnie,me,/mnʲɛ/,m-nyeh,1408401
18,mi,to me,/mi/,mee,1207300
19,za,for / behind,/za/,zah,1024785
20,ja,I,/ja/,ya,874103
21,tym,this (instr.),/tɨm/,tim,871066
22,tego,this (gen.),/ˈtɛɡɔ/,TEH-go,841575
23,go,him,/ɡɔ/,gaw,826537
24,ci,to you,/t͡ɕi/,chee,825774
25,po,after,/pɔ/,paw,800323
26,tylko,only / just,/ˈtɨlkɔ/,TIL-ko,799409
27,czy,whether / if,/t͡ʂɨ/,chih,798343
28,tu,here,/tu/,too,796370
29,może,maybe,/ˈmɔʐɛ/,MO-zheh,793977
30,jestem,I am,/ˈjɛstɛm/,YES-tem,774997
31,ma,has,/ma/,mah,759836
32,ty,you (informal),/tɨ/,tih,754983
33,cię,you (object),/t͡ɕɛ̃/,chyen,742982
34,mam,I have,/mam/,mahm,722105
35,jesteś,you are,/ˈjɛstɛɕ/,YES-tesh,691420
36,już,already,/juʂ/,yoosh,690940
37,jeśli,if,/ˈjɛɕli/,YESH-lee,670572
38,dla,for,/dla/,dlah,656889
39,wiem,I know,/vjɛm/,vyem,649740
40,coś,something,/t͡sɔɕ/,tsosh,643701
41,dobrze,well / alright,/ˈdɔbʐɛ/,DOB-zheh,591715
42,więc,so,/vjɛnt͡s/,vyents,585727
43,od,from,/ɔt/,ot,580173
44,teraz,now,/ˈtɛras/,TEH-ras,571725
45,pan,"you (formal, male)",/pan/,pahn,539584
46,wszystko,everything,/ˈfʂɨstkɔ/,FSHIST-ko,533697
47,być,to be,/bɨt͡ɕ/,bich,531548
48,będzie,will be,/ˈbɛnd͡ʑɛ/,BEN-jeh,497324
49,masz,you have,/maʂ/,mahsh,495877
50,nic,nothing,/nit͡s/,neets,495746
51,tam,there,/tam/,tahm,489015
52,mogę,I can,/ˈmɔɡɛ̃/,MO-gem (nasal),479016
53,proszę,please,/ˈprɔʂɛ/,PRO-sheh,476755
54,jej,her,/jɛj/,yey,475279
55,są,are,/sɔ̃/,sow (nasal),465705
56,gdzie,where,/ɡd͡ʑɛ/,g-jeh,446600
57,kiedy,when,/ˈkʲɛdɨ/,KYE-dih,446532
58,ten,this,/tɛn/,ten,444007
59,on,he,/ɔn/,on,433846
60,ciebie,you (object),/ˈt͡ɕɛbjɛ/,CHEB-yeh,433542
61,by,would / by,/bɨ/,bih,426249
62,sobie,oneself / yourself,/ˈsɔbjɛ/,SOB-yeh,424604
63,ze,with (variant of “z”),/zɛ/,zeh,424107
64,był,was (masc.),/bɨw/,biw,422613
65,wiesz,you know,/vjɛʂ/,vyesh,420223
66,bardzo,very,/ˈbardzɔ/,BAR-dzo,409540
67,było,was (neut.),/ˈbɨwɔ/,BI-wo,404457
68,przez,through / by,/pʂɛs/,pshehs,393715
69,jego,his,/ˈjɛɡɔ/,YE-go,389323
70,ją,her (object),/jɔ̃/,yon (nasal),385773
71,chcę,I want,/xt͡sɛ̃/,htsen (nasal),385601
72,dlaczego,why,/dlaˈt͡ʂɛɡɔ/,dla-CHE-go,383206
73,pani,"you (formal, female)",/ˈpaɲi/,PA-nyi,381444
74,jeszcze,still / yet,/ˈjɛʂt͡ʂɛ/,YESH-cheh,374688
75,mój,my,/muj/,mooy,370480
76,nas,us,/nas/,nahs,365829
77,żeby,so that / to,/ˈʐɛbɨ/,ZHE-bih,355927
78,no,yeah / well,/nɔ/,naw,355113
79,bo,because,/bɔ/,baw,346184
80,chcesz,you want,/xʂɛʂ/,hshesh,345593
81,ich,their / them,/ix/,eehkh,341869
82,też,also / too,/tɛʂ/,tesh,335955
83,tutaj,here,/ˈtutaj/,TOO-tai,326976
84,naprawdę,really,/napravˈdɛ/,na-prav-DEH,317261
85,nigdy,never,/ˈniɡdɨ/,NIG-dih,313438
86,mamy,we have,/ˈmamɨ/,MAH-mih,313042
87,kto,who,/ktɔ/,ktoh,307407
88,możesz,you can,/ˈmɔʐɛʂ/,MO-zhesh,299424
89,dobra,alright / okay,/ˈdɔbra/,DO-bra,294856
90,przepraszam,sorry,/pʂɛˈpraʂam/,pshe-PRA-sham,292996
91,mu,to him,/mu/,moo,286224
92,gdy,when / if,/ɡdɨ/,gdih,272430
93,muszę,I must / have to,/ˈmuʂɛ̃/,MOO-shem (nasal),272207
94,porządku,in order / okay,/pɔˈʐɔntku/,po-ZHON-tku,268877
95,dziękuję,thank you,/d͡ʑɛŋˈkujɛ/,jen-KOO-yeh,266404
96,nawet,even,/ˈnavɛt/,NA-vet,258786
97,chyba,probably / I guess,/ˈxɨba/,HIB-ah,258558
98,domu,at home,/ˈdɔmu/,DO-moo,256483
99,ona,she,/ˈɔna/,O-na,253795
100,prawda,truth / right,/ˈpravda/,PRAV-da,253389
101,zrobić,to do / to make,/ˈzrobʲit͡ɕ/,ZRO-beech,253069
102,była,was (fem.),/ˈbɨwa/,BI-wa,245906
103,właśnie,exactly / just,/ˈvwaɕɲɛ/,VWA-shnyeh,242267
104,będę,I will be,/ˈbɛndɛ̃/,BEN-dem (nasal),232300
105,zawsze,always,/ˈzavʂɛ/,ZAV-sheh,227957
106,hej,hey,/xɛj/,hey (breathy h),225912
107,nim,him / it,/ɲim/,nyim,225750
108,nam,to us,/nam/,nahm,224591
109,te,these,/tɛ/,teh,223665
110,moja,my (fem.),/ˈmɔja/,MO-ya,222047
111,musisz,you must,/ˈmuʂiʂ/,MOO-shish,220431
112,je,them / it (plural),/jɛ/,yeh,217804
113,dzięki,thanks,/ˈd͡ʑɛŋki/,JEN-kee,217087
114,bez,without,/bɛs/,bes,215682
115,tej,this (fem. gen.),/tɛj/,tey,214760
116,trochę,a bit,/ˈtrɔxɛ/,TRO-heh,214463
117,ktoś,someone,/ktɔɕ/,ktosh,212659
118,panie,sir (voc.) / ladies,/ˈpaɲɛ/,PA-nyeh,208261
119,jesteśmy,we are,/jɛsˈtɛɕmɨ/,yes-TESH-mih,207003
120,moje,my (neut./pl.),/ˈmɔjɛ/,MO-yeh,206240
121,powiedzieć,to say,/pɔvjɛˈd͡ʑɛt͡ɕ/,po-vye-JETCH,205727
122,który,which,/ˈkturɨ/,KTOO-rih,201545
123,czas,time,/t͡ʂas/,chas,200261
124,więcej,more,/ˈvjɛnt͡sɛj/,VYEN-tsey,198115
125,twój,your,/tfunj/,tfooy,197869
126,musimy,we must,/muˈɕimɨ/,moo-SHEE-mih,197154
127,lat,years,/lat/,laht,195079
128,ta,this (fem.),/ta/,tah,192634
129,chce,wants,/xt͡sɛ/,htseh,192600
130,możemy,we can,/mɔˈʐɛmɨ/,mo-ZHE-mih,191665
131,wszyscy,everyone,/ˈfʂɨst͡sɨ/,FSHIS-tsih,190207
132,tobą,with you,/ˈtɔbɔ̃/,TO-bon (nasal),190084
133,albo,or,/ˈalbɔ/,AL-bo,189924
134,prostu,simply / just,/ˈprɔstu/,PRO-stoo,188283
135,chodzi,goes / is about,/ˈxɔd͡ʑi/,HO-jee,187598
136,razem,together,/ˈrazɛm/,RA-zem,186710
137,stało,happened,/ˈstawaɔ/,STA-wo,180653
138,cześć,hi / hello,/t͡ʂɛɕt͡ɕ/,cheshch,178179
139,mną,me (instr.),/mnɔ̃/,mnon (nasal),176201
140,czego,what (gen.),/ˈt͡ʂɛɡɔ/,CHE-go,175736
141,sam,alone / self,/sam/,sahm,171134
142,myślę,I think,/ˈmɨɕlɛ̃/,MISH-lem (nasal),170414
143,pana,"you (formal, gen.)",/ˈpana/,PA-na,170238
144,przed,before,/pʂɛt/,pshet,168472
145,boże,God (voc.),/ˈbɔʐɛ/,BO-zheh,168017
146,raz,once,/ras/,rahs,167947
147,czemu,why,/ˈt͡ʂɛmu/,CHE-moo,167836
148,będziesz,you will be,/ˈbɛnd͡ʐɛʂ/,BEN-zhesh,165402
149,niż,than,/ɲiʂ/,neesh,164897
150,ludzie,people,/ˈlud͡ʑɛ/,LOO-jeh,164250
151,dalej,next / further,/ˈdalɛj/,DAH-ley,162609
152,czym,what / by what,/t͡ʂɨm/,chim,162304
153,was,mustache / you (pl. formal),/vas/,vas,159757
154,dobry,good (masc.),/ˈdɔbrɨ/,DO-brih,158271
155,przy,by / near,/pʂɨ/,pshee,156386
156,ludzi,people (gen.),/ˈlud͡ʑi/,LOO-dzee,156290
157,dzień,day,/d͡ʑɛɲ/,jyen,155719
158,życie,life,/ˈʐɨt͡ɕɛ/,ZHYE-cheh,155718
159,lepiej,better,/ˈlɛpʲɛj/,LEP-yey,152593
160,miał,had (masc.),/mʲaw/,myaw,152042
161,rzeczy,things,/ˈʐɛt͡ʂɨ/,ZHE-chih,151027
162,twoja,your (fem.),/ˈtfɔja/,TFO-ya,150346
163,czasu,time (gen.),/ˈt͡ʂasu/,CHA-su,149477
164,ok,okay,/ok/,ok,148006
165,temu,ago / then,/ˈtɛmu/,TE-moo,147615
166,robisz,you do,/ˈrɔbiʂ/,RO-bish,147246
167,myślisz,you think,/ˈmɨɕliʂ/,MISH-lish,146634
168,kim,who (instr.),/kim/,keem,146518
169,niech,let / may,/ɲɛx/,nyekh,145960
170,które,which (neut./pl.),/ˈktuʐɛ/,KTOO-zheh,144895
171,oczywiście,of course,/ɔt͡sɨˈviɕt͡ɕɛ/,ot-shee-VEE-sh-cheh,143326
172,siebie,oneself / myself,/ˈɕɛbʲɛ/,SHE-byeh,143313
173,niego,him,/ˈɲɛgɔ/,nyeh-go,142933
174,cóż,well / so,/t͡suwʂ/,choosh,141898
175,powiedział,he said,/pɔvjɛˈd͡ʑawʲ/,po-vye-JAW,141467
176,u,at / by,/u/,oo,141209
177,daj,give,/daj/,dye,141158
178,moim,my (instr./masc.),/ˈmɔim/,MO-yeem,140845
179,chodź,come,/xɔd͡ʑ/,hodj,140119
180,musi,must / has to,/ˈmusi/,MOO-see,140063
181,my,we / us,/mɨ/,mih,139667
182,nikt,nobody,/nikt/,neekt,139542
183,twoje,your (neut./pl.),/ˈtfɔjɛ/,TFO-yeh,139460
184,tych,these (gen.),/tɨx/,tikh,138793
185,pod,under / below,/pɔt/,pod,137518
186,dlatego,therefore / that’s why,/daˈtɛɡɔ/,da-TEH-go,136719
187,pewnie,sure / certainly,/ˈpɛvɲɛ/,PEV-nyeh,133794
188,powiedz,say (imperative),/ˈpɔvjɛd͡ʑ/,po-vyech,133182
189,aby,in order to / to,/ˈabɨ/,AH-bih,131894
190,wtedy,then,/ˈftɛdɨ/,FTEH-dih,129790
191,wygląda,looks like,/vɨɡˈlɔnda/,vi-glohn-dah,129394
192,jeden,one,/ˈjɛdɛn/,YEH-den,128427
193,mojego,my (masc. gen.),/mɔˈjɛɡɔ/,mo-YEH-go,127604
194,im,them / for them,/im/,eem,127101
195,mówi,says / speaks,/ˈmuvʲi/,MOO-vee,125721
196,dziś,today,/d͡ʑiɕ/,jish,125499
197,taki,such / like that,/ˈtakʲi/,TAH-kee,124839
198,mieć,to have,/ˈmʲet͡ɕ/,myetch,124567
199,jako,as / like,/ˈjakɔ/,YA-ko,124059
200,dwa,two,/dva/,dvah,123485
201,potem,then / later,/ˈpɔtɛm/,PO-tem,123106
202,wie,knows,/vʲɛ/,vye,121813
203,takie,such / like that (pl.),/ˈtakʲɛ/,TAH-kyeh,121805
204,nią,her (instr.),/ɲɔ̃/,nyaw,121535
205,wszystkie,all (pl.),/ˈfʂɨstkʲɛ/,FSHYS-tkyeh,121446
206,znaczy,means,/ˈznaʧɨ/,ZNAH-chih,121002
207,rozumiem,I see / understand,/rɔˈzumjɛm/,ro-ZOO-myem,119652
208,dzieje,history / happenings,/ˈd͡ʑɛjɛ/,JYE-yeh,119411
209,moją,my (fem.),/ˈmɔjɔ̃/,MO-yaw,119279
210,będziemy,we will be,/bɛnˈd͡ʑɛmɨ/,ben-JEM-ih,118181
211,wiele,many / a lot,/ˈvjɛlɛ/,VYE-leh,117908
212,stąd,hence / from here,/stɔnt/,stont,117056
213,oni,they (masc.),/ˈɔɲi/,OH-nee,116753
214,mojej,my (fem. gen.),/ˈmɔjɛj/,MO-yey,116624
215,miejsce,place,/ˈmjɛst͡sɛ/,MYEH-steh,116573
216,iść,to go,/iɕt͡ɕ/,eeshch,115801
217,kilka,several / a few,/ˈkilka/,KEEL-kah,115635
218,pomóc,help,/ˈpɔmut͡s/,PO-moots,115614
219,dużo,a lot / much,/ˈduʐɔ/,DOO-zho,114952
220,ile,how many / how much,/ˈilɛ/,EE-leh,112873
221,jasne,of course / clear,/ˈjasnɛ/,YAS-neh,112750
222,byłem,I was (masc.),/ˈbɨwɛm/,BIH-wem,112691
223,swoje,own / his own,/ˈsfɔjɛ/,SFO-yeh,111245
224,myśli,thinks,/ˈmɨɕlʲi/,MISH-lee,111224
225,cały,whole / entire,/ˈt͡sawɨ/,TSAH-wih,111220
226,skąd,from where,/skɔnt/,skont,110204
227,wiedzieć,to know,/ˈvʲɛd͡ʑɛt͡ɕ/,VYE-djetch,108818
228,dzieci,children,/ˈd͡ʑɛt͡ɕi/,JYE-chih,108419
229,nich,them / of them,/nix/,neekh,108311
230,która,which (fem.),/ˈktuʐa/,KTOO-zha,106495
231,wam,to you (pl.),/vam/,vahm,105972
232,przykro,sorry / regret,/ˈpʂɨkrɔ/,PSHI-kroh,105926
233,można,can / possible,/ˈmɔʐna/,MOZH-nah,105450
234,jakieś,some / certain,/ˈjakjɛɕ/,YA-kyesh,105124
235,tę,this / that (acc. fem.),/tɛ̃/,teh,104516
236,wszystkich,all / everyone (gen.),/ˈfʂɨstkɨx/,FSHYS-tkikh,104113
237,nad,over / above,/nad/,nad,104024
238,jakiś,some / any,/ˈjakɕ/,YAK-sh,103860
239,sposób,way / method,/ˈspɔsuɕ/,SPO-sosh,103855
240,trzeba,it's necessary / must,/ˈtʂɛba/,CHEH-bah,103284
241,mają,have / they have,/ˈmajɔ̃/,MYAW,103148
242,niej,her / of her,/ɲɛj/,nyei,101430
243,pracy,work / job,/ˈprat͡sɨ/,PRAH-tsih,101224
244,kogoś,someone,/ˈkɔgɔɕ/,KO-gosh,100740
245,tyle,so much / so many,/ˈtɨlɛ/,TI-leh,100637
246,robić,to do / make,/ˈrɔbʲit͡ɕ/,RO-bich,100071
247,bardziej,more / rather,/ˈbard͡ʑɛj/,BAR-jay,100011
248,mówisz,you say / speak,/ˈmuvʲiʂ/,MOO-vish,99924
249,zanim,before / until,/ˈzanʲim/,ZAH-nim,99188
250,zbyt,too / excessively,/zbɨt/,zbyt,97923
251,szybko,quickly,/ˈʂɨb.kɔ/,SHIH-bko,97630
252,dzisiaj,today,/ˈd͡ʑi.ɕaɕ/,JEE-shyash,96974
253,tobie,to you (sing.),/ˈtɔ.bʲɛ/,TO-byeh,96562
254,takiego,such / of that kind (masc.),/taˈkʲɛɡɔ/,ta-KYE-go,95637
255,świetnie,great / excellently,/ˈɕfjɛt.ɲɛ/,SHFYET-nyeh,94599
256,zobaczyć,to see,/zɔˈbat͡ʂɨt͡ɕ/,zo-BAH-chich,93981
257,zaraz,immediately / soon,/ˈza.ras/,ZAH-raz,93903
258,pewno,certainly,/ˈpɛv.nɔ/,PEV-no,93700
259,miałem,I had (masc.),/ˈmʲawɛm/,MYAW-em,93581
260,kocham,I love,/ˈkɔ.xam/,KO-kham,93536
261,mówię,I say / speak,/ˈmuvʲjɛ/,MOO-vyeh,93488
262,nadal,still / yet,/ˈna.dal/,NA-dal,92632
263,jaki,what / which,/ˈja.kʲi/,YA-kee,92417
264,rację,right / correct,/ˈrat͡s.jɛ/,RAH-tsyeh,91651
265,kochanie,honey / darling,/kɔˈxa.ɲɛ/,ko-KHA-nyeh,91307
266,myślałem,I thought (masc.),/mɨɕˈla.wɛm/,MISH-la-wem,91134
267,trzy,three,/tʂɨ/,tzhih,90688
268,ojciec,father,/ˈɔj.t͡ɕɛt͡s/,OY-tyets,90532
269,ani,nor / neither,/ˈa.nʲi/,AH-nee,90528
270,robi,does / makes,/ˈrɔ.bʲi/,RO-bee,89112
271,stanie,will stand / state,/ˈsta.ɲɛ/,STAH-nyeh,88873
272,tą,this one (acc. fem.),/tɔ̃/,taw,88479
273,później,later,/ˈpuʑ.ɲɛj/,POOZH-nyeh,88384
274,ponieważ,because,/pɔ.niˈʃt͡ɛ/,po-nee-SHCH,88119
275,idź,go (imperative),/iɕt͡ɕ/,eeshch,87510
276,życia,life,/ˈʐɨ.t͡ɕa/,ZHI-tyah,87209
277,twoim,your (masc.),/ˈtvɔ.im/,TVO-im,87163
278,przestań,stop (imperative),/ˈpʂɛ.staɲ/,PSHES-tahn,87065
279,sie,reflexive particle,/ɕɛ/,shyeh,87050
280,swoją,your own (fem.),/ˈsfɔ.jɔ̃/,SFO-yaw,86609
281,chciałem,I wanted (masc.),/xʲt͡ɕaˈwɛm/,KHCHAH-wem,86245
282,długo,long / for a long time,/ˈdwu.ɡɔ/,DWOH-go,85469
283,mamo,mom,/ˈma.mɔ/,MA-mo,85342
284,kiedyś,once / someday,/ˈkʲɛ.dɨɕ/,KYE-dish,85085
285,cholera,darn / damn / hell,/ˈxɔ.lɛ.ra/,HO-leh-rah,85043
286,wciąż,still / continuously,/ft͡ʂɔ̃t͡ʂ/,FCHONCH,84964
287,nadzieję,hope,/ˈnad.ʑɛ.jɛ/,NAD-yeh-yeh,84817
288,aż,until / as much as,/aʂ/,ash,84700
289,będą,they will be,/ˈbɛn.dɔ̃/,BEN-daw,84671
290,jutro,tomorrow,/ˈju.trɔ/,YOO-troh,84479
291,każdy,everyone / each,/ˈkaʐ.dɨ/,KAH-zhdih,83960
292,dni,days,/dni/,dni,83654
293,problem,problem,/ˈprɔ.blɛm/,PRO-blem,83534
294,widzę,I see,/ˈvid͡zɛ/,VEED-zheh,83206
295,mógł,could (masc.),/muwɡw/,moogw,83152
296,stary,old,/ˈsta.rɨ/,STAH-ree,82685
297,taka,such / like that (fem.),/ˈta.ka/,TAH-kah,82627
298,żebyś,so that you,/ˈʐɛ.bɨɕ/,ZHEH-bish,81910
299,widzisz,you see,/ˈvid͡ʑiʂ/,VEED-zish,81669
300,twojej,your (fem.),/ˈtvɔ.jɛj/,TVO-yeh,81185
301,tato,dad,/ˈta.tɔ/,TAH-to,80798
302,potrzebuję,I need,/pɔ.tʂɛˈbu.jɛ/,po-tseh-BOO-yeh,80733
303,znowu,again,/ˈznɔ.vu/,ZNO-voo,80445
304,kurwa,whore / damn,/ˈkur.va/,KOOR-vah,80388
305,dziecko,kid / child,/ˈd͡ʑɛt͡skɔ/,JET-skoh,79933
306,nocy,night (gen.),/ˈnɔ.t͡sɨ/,NO-tsih,79849
307,znaleźć,to find,/ˈzna.lɛɕt͡ɕ/,ZNA-leshch,79743
308,sama,alone / herself,/ˈsa.ma/,SA-ma,79622
309,dokładnie,exactly,/dɔkˈwad.ɲɛ/,dok-WAD-nyeh,79075
310,dnia,day (gen.),/ˈdɲa/,dnya,79064
311,oh,oh,/ɔx/,oh,78757
312,pierwszy,first,/ˈpʂɛ.fɨ/,PSHEH-vih,78717
313,czuję,I feel,/ˈt͡ʂu.jɛ/,CHOO-yeh,78699
314,pieniądze,money,/ˈpʲɛ.ɲɔ̃.d͡zɛ/,PYEH-nyon-dzeh,78076
315,powiem,I will say,/ˈpɔ.vjɛm/,POH-vyem,77603
316,zrobił,he did,/ˈzro.biw/,ZRO-biw,77295
317,nami,us / with us,/ˈna.mi/,NA-mee,77059
318,miała,she had,/ˈmʲa.wa/,MYA-wah,76988
319,twoją,your (acc. fem.),/ˈtvɔ.jɔ̃/,TVO-yaw,76979
320,gdyby,if,/ˈɡdɨ.bɨ/,GDY-bih,76796
321,nasz,our (masc.),/naʂ/,nash,76292
322,nasze,our (neut.),/ˈna.ʂɛ/,NA-sheh,75931
323,razie,for now,/ˈra.ʑɛ/,RAH-zheh,75917
324,samo,itself,/ˈsa.mɔ/,SA-moh,75561
325,były,were (fem. pl.),/ˈbɨ.wɨ/,BI-wih,74847
326,dobre,good (neut./pl.),/ˈdɔ.brɛ/,DOH-breh,74775
327,słuchaj,listen,/ˈswu.xaj/,SWOO-hai,74699
328,koniec,end,/ˈkɔ.ɲɛt͡s/,KOH-nyets,74633
329,chciał,he wanted,/xʲt͡ɕaw/,KHCHAW,74406
330,widziałem,I saw (masc.),/vʲiˈd͡ʑa.wɛm/,vee-JAH-wem,74347
331,jakie,what / which (pl.),/ˈja.kʲɛ/,YA-kyeh,74262
332,wszystkim,to everyone,/fʂɨsˈt͡sɨm/,fshihs-TSIM,73695
333,znam,I know,/znam/,znam,73681
334,wcześniej,before / earlier,/ˈfʂɛɕ.ɲɛj/,FSHESH-nyeh,73355
335,spokój,composure / peace,/ˈspɔ.kui̯/,SPO-koy,72786
336,chwilę,moment / a while,/ˈxfi.lɛ/,HFEE-leh,72545
337,mama,mother,/ˈma.ma/,MA-ma,72438
338,sobą,yourself / herself,/ˈsɔ.bɔ̃/,SO-baw,71978
339,zostać,to stay / remain,/ˈzɔ.stat͡ɕ/,ZO-statsh,71918
340,został,was left / remained,/ˈzɔ.staw/,ZO-staw,71877
341,wy,you (plural),/vɨ/,vih,71834
342,czegoś,something (gen.),/ˈt͡ʂɛ.ɡɔɕ/,CHEH-gosh,71676
343,żyje,is alive / lives,/ˈʐɨ.jɛ/,ZHI-yeh,71606
344,mówić,to talk / speak,/ˈmuvʲit͡ɕ/,MOO-vich,71251
345,bym,I would,/bɨm/,bim,71199
346,którzy,who (pl.),/ktuˈri/,k-too-REE,70985
347,porozmawiać,to talk / chat,/pɔ.rɔzˈmavʲat͡ɕ/,po-rohz-MAH-vyach,70763
348,spójrz,look (imperative),/spujʂ/,spooyrzh,70280
349,roku,year (gen.),/ˈrɔ.ku/,RO-koo,70154
350,mogą,they can,/ˈmɔ.ɡɔ̃/,MOH-gaw,69684
351,chciałbym,I’d like,/xʲt͡ɕawˈbɨm/,KHCHAW-bim,69552
352,zabić,to kill,/ˈza.bʲit͡ɕ/,ZAH-bich,69481
353,poza,apart from / outside,/ˈpɔ.za/,POH-zah,69292
354,dom,house / home,/dɔm/,dom,69135
355,we,in / into,/vɛ/,veh,68974
356,imię,name,/ˈi.mʲɛ/,EE-myeh,68874
357,twojego,yours (masc.),/ˈtvɔ.jɛ.ɡɔ/,TVO-yeh-go,68724
358,lub,or,/lub/,loob,68669
359,och,oh,/ɔx/,oh,68323
360,miło,nice / pleasant,/ˈmi.wɔ/,MEE-woh,67768
361,którą,which (fem.),/ˈktu.rɔ̃/,KTOO-roh,67713
362,kogo,whom,/ˈkɔ.ɡɔ/,KOH-go,67541
363,sir,sir,/sɪr/,sir,67420
364,minut,minutes,/ˈmi.nut/,MEE-noot,67386
365,jakby,as if,/ˈjak.bɨ/,YAHK-bih,67124
366,prawie,almost,/ˈpra.vjɛ/,PRAH-vyeh,67021
367,drzwi,door,/dʐfʲi/,JRZV-ee,66329
368,byłam,I was (fem.),/ˈbɨ.wam/,BI-wam,66245
369,jesteście,you are (plural),/jɛˈstɛɕ.t͡ɕɛ/,yes-TESH-chyeh,66213
370,posłuchaj,listen,/pɔˈswu.xaj/,po-SWOO-hai,65927
371,powiedziałem,I said (masc.),/pɔ.vʲɛˈd͡ʑa.wɛm/,po-vye-JAH-wem,65923
372,powodu,because of,/pɔˈvɔ.du/,po-VOH-doo,65567
373,powinniśmy,we should,/pɔˈvʲinːi.ɕmɨɕ/,po-VIN-nish-mish,65168
374,gdzieś,somewhere,/ˈɡd͡ʑɛɕ/,GD-yesh,64951
375,końcu,in the end,/ˈkɔɲ.t͡su/,KOHN-tsu,64753
376,lubię,I like,/ˈlu.bʲjɛ/,LOO-byeh,64747
377,mów,speak (imperative),/muf/,moof,64652
378,sprawy,matters / affairs,/ˈspra.vɨ/,SPRAH-vih,64582
379,czekaj,wait (imperative),/ˈt͡ʂɛ.kaj/,CHEH-kai,64420
380,pomysł,idea,/ˈpɔ.mɨs.w/,PO-mihs-w,64255
381,zrobię,I will do,/ˈzro.bʲɛ/,ZRO-byeh,63828
382,wiemy,we know,/ˈvʲɛm.ɨ/,VYEH-mih,63651
383,wydaje,spends / seems,/vɨˈd͡a.jɛ/,vi-DAH-yeh,63560
384,byłeś,you were (masc.),/bɨˈwɛɕ/,bi-WESH,63330
385,razy,times / instances,/ˈra.zɨ/,RAH-zih,63104
386,moich,my (gen.),/ˈmɔ.ix/,MO-ikh,63102
387,człowiek,man / human,/ˈt͡ʂwɔ.vʲɛk/,CHWO-vyek,63033
388,jednak,but / however,/ˈjɛn.dak/,YEN-dak,62868
389,innego,another / different,/ˈin.nɛ.ɡɔ/,IN-neh-go,62741
390,dość,enough,/dɔɕt͡ɕ/,doshch,62209
391,pomocy,help / assistance,/pɔˈmɔ.t͡sɨ/,po-MO-tsih,61800
392,przecież,yet / after all,/ˈpɾɛ.t͡ʂɛʂ/,PRESH-yehsh,61716
393,panu,to you (formal),/ˈpa.nu/,PAH-noo,61607
394,broń,weapon,/brɔɲ/,bron,61580
395,żadnych,none / any,/ˈʐad.nɨx/,ZHAD-nih,61525
396,noc,night,/nɔt͡s/,nots,61195
397,macie,you have (pl.),/ˈmat͡ɕɛ/,MA-chyeh,61132
398,ciągle,all the time / constantly,/ˈt͡ɕɔŋ.ɡlɛ/,CHON-gleh,60764
399,c,c,/t͡s/,ts,60758
400,żebym,so that I,/ˈʐɛ.bɨm/,ZHEH-bim,60555
401,źle,badly,/ʑlɛ/,ZH-leh,60434
402,powiedziała,she said,/pɔ.vʲɛˈd͡ʑa.wa/,po-vye-JAH-wah,60189
403,facet,guy / man,/ˈfa.t͡sɛt/,FAH-tset,60026
404,mówiłem,I said (masc.),/ˈmuvʲi.wɛm/,MOO-vyeh-wem,60017
405,którego,whose / which,/ktuˈrɛɡɔ/,ktoo-REH-go,60003
406,podoba,I like it / pleases,/pɔˈdɔ.ba/,po-DOH-bah,59878
407,miejscu,place / location,/ˈmʲɛj͡s.t͡ɕu/,MYEH-stsyu,59516
408,jeżeli,if,/jɛˈʐɛ.lʲi/,yeh-ZHEH-lee,59169
409,skoro,since / as,/ˈskɔ.rɔ/,SKO-roh,59121
410,ego,ego,/ˈɛ.ɡɔ/,EH-go,58894
411,ojca,father (gen.),/ˈɔj.t͡sa/,OY-tsah,58549
412,powinieneś,you should,/pɔ.vʲiˈɲɛ.ɲɛɕ/,po-vee-NYE-nesh,58024
413,lata,years,/ˈla.ta/,LAH-tah,57944
414,sprawa,thing / matter,/ˈspra.va/,SPRAH-vah,57856
415,niczego,nothing,/ˈni.t͡ʂɛ.ɡɔ/,NEE-cheh-go,57307
416,takim,such / this kind,/ˈta.kʲim/,TAH-keem,57225
417,pamiętasz,do you remember,/paˈmjɛn.tɑʂ/,pah-MYEN-tash,56932
418,sądzę,I think / I suppose,/ˈsɔ̃.d͡zɛ/,SAWN-jeh,56896
419,właściwie,actually / really,/vʊˈɕt͡ɕi.vjɛ/,vuhsh-CHEE-vyeh,56835
420,dwie,two (fem.),/dvʲɛ/,dvyeh,56476
421,pokoju,peace / room,/pɔˈkɔ.ju/,po-KOH-yu,56418
422,którym,which (masc./neut.),/ˈktu.rɛm/,KTOO-rem,56135
423,myślałam,I thought (fem.),/mɨɕˈla.wam/,mish-LAH-wam,56071
424,jedno,one,/ˈjɛd.nɔ/,YED-no,56031
425,idziemy,let’s go / we go,/iˈd͡ʑɛ.mʲɛ/,ee-JDYE-myeh,55806
426,również,also / too,/ˈrɔv.ɲɛʂ/,ROOV-nyehsh,55758
427,bądź,or / be (imperative),/bɔ̃d͡ʑ/,BAWNDZH,55385
428,znasz,you know,/znaʂ/,znash,55261
429,swój,your (masc.),/sfuj/,svooy,55229
430,swojego,your own (masc.),/ˈsfɔ.jɛ.ɡɔ/,sfo-YEH-go,54807
431,byś,you would,/bɨɕ/,bish,54807
432,chodźmy,let’s go,/ˈxɔd͡ʑ.mɨ/,HODZH-mih,54775
433,nowy,new,/ˈnɔ.vɨ/,NOH-vih,54491
434,chciałam,I wanted (fem.),/xʲt͡ɕaˈwam/,KHCHAH-wam,54472
435,pewien,a / certain,/ˈpɛ.vʲɛn/,PEH-vyen,54331
436,wczoraj,yesterday,/ˈft͡ʂɔ.raɪ/,FCHOR-ai,53998
437,jedną,one (fem.),/ˈjɛdnɔ̃/,YED-noh,53771
438,musiał,he had to,/ˈmuɕ.aw/,MOO-shaw,53691
439,której,which (fem.),/ˈktu.rɛj/,KTOO-rey,53540
440,idę,I’m going,/ˈi.dɛ/,EE-deh,53304
441,poważnie,seriously,/pɔˈvaʐ.ɲɛ/,po-VAZH-nyeh,53268
442,swoim,his own / theirs,/ˈsfɔ.jim/,sfo-yeem,53203
443,życiu,life / in life,/ˈʐɨ.t͡ɕu/,ZHIH-choo,53130
444,rozumiesz,you understand,/rɔˈzu.mʲɛʂ/,ro-ZOO-myesh,53130
445,których,which (pl.),/ˈktu.rɨx/,KTOO-rykh,52926
446,podczas,during / while,/pɔˈd.t͡ɕaʂ/,pod-CHAS,52846
447,miałam,I had (fem.),/ˈmʲa.wam/,MYAH-wam,52829
448,oczy,eyes,/ˈɔ.t͡ʂɨ/,OH-chih,52355
449,rano,in the morning,/ˈra.nɔ/,RAH-no,52355
450,sprawę,the matter / issue,/ˈspra.vɛ̃/,SPRAH-veh,52167
451,wystarczy,enough / it suffices,/ˈvɨs.t͡ʂa.rɨ/,VYS-tcha-zhih,52163
452,spokojnie,relax / calmly,/spɔˈkɔj.ɲɛ/,spo-KOY-nyeh,52140
453,całą,the whole (fem.),/ˈt͡sa.wɔ̃/,TSAH-wohng,52107
454,telefon,phone,/tɛˈlɛ.fɔn/,te-LEH-fon,52047
455,rzecz,thing / matter,/ʐɛt͡ʂ/,zhech,52028
456,matka,mother,/ˈmat.ka/,MAHT-kah,51599
457,samochód,car,/ˈsa.mɔ.xut/,SAH-mo-khood,51585
458,nimi,them,/ˈnʲi.mi/,NEE-mee,51542
459,dwóch,two,/dʊx/,dukh,51444
460,pracę,work / job,/ˈpra.t͡sɛ/,PRAH-tseh,51431
461,dać,to give,/dat͡ɕ/,dahch,51351
462,byli,they were,/ˈbɨ.lʲi/,BEE-lee,51328
463,powinienem,I should,/pɔ.vʲiˈɲɛ.nɛm/,po-vee-NYE-nehm,51140
464,weź,take (imperative),/vɛʂ/,vezh,50835
465,jedna,one (fem.),/ˈjɛd.na/,YED-nah,50797
466,zamknij,close (imperative),/ˈzamk.ɲij/,ZAHM-kneey,50773
467,the,the,/ðə/,thuh,50765
468,mały,small,/ˈma.wɨ/,MAH-wih,50312
469,da,yes / gives,/da/,dah,50123
470,pozwól,let me / allow,/ˈpɔz.wul/,POZ-vool,49943
471,całe,whole / entire,/ˈt͡sa.wɛ/,TSAH-leh,49918
472,wina,fault / guilt,/ˈvi.na/,VEE-nah,49907
473,wiedziałem,I knew (masc.),/vʲɛˈd͡ʑa.wam/,vye-JAH-wam,49744
474,wrócić,come back / return,/ˈvrut͡ɕit͡ɕ/,VROO-chich,49697
475,między,between,/ˈmʲɛnd͡zɨ/,MYEN-dzy,49415
476,chcą,they want,/xʲt͡ʂɔ̃/,KHCHAWNG,49319
477,idzie,goes / is going,/ˈi.d͡ʑɛ/,EE-djeh,49266
478,śmierci,death,/ˈɕmjɛr.t͡ɕi/,SHMYER-chee,49266
479,mówił,he said,/ˈmuvʲiw/,MOO-vyeew,49238
480,numer,number,/ˈnu.mɛr/,NOO-mehr,49237
481,oto,here / behold,/ˈɔ.tɔ/,OH-toh,48835
482,miejsca,places,/ˈmʲɛj͡s.t͡ʂa/,MYEH-stsah,48805
483,dopóki,until,/dɔˈpu.kʲi/,do-POO-kee,48722
484,czujesz,you feel,/ˈt͡ʂu.jɛʂ/,CHOO-yesh,48450
485,cokolwiek,whatever,/ˈt͡sɔ.kɔl.vjɛk/,tso-KOL-vyek,48428
486,swojej,your own (fem.),/ˈsfɔ.jɛj/,sfo-YEY,48403
487,nikogo,no one,/nʲiˈkɔ.ɡɔ/,nee-KOH-go,48390
488,dam,I will give,/dam/,dahm,48255
489,powiedziałeś,you said (masc.),/pɔ.vʲɛˈd͡ʑa.wɛɕ/,po-vye-JAH-wesh,48227
490,tłumaczenie,translation,/twu.maˈt͡ʂɛ.njɛ/,tloo-mah-CHEH-nyeh,48150
491,dziewczyna,girl,/d͡ʑɛvˈt͡ʂɨ.na/,djev-CHIH-nah,48121
492,najpierw,firstly / first,/najˈpʲɛrf/,nai-PYERF,47969
493,pamiętam,I remember,/paˈmjɛn.tam/,pah-MYEN-tam,47969
494,powiesz,you will say,/ˈpɔ.vʲɛʂ/,po-vyesh,47952
495,pytanie,question,/pɨˈta.ɲɛ/,puh-TAH-nyeh,47935
496,inaczej,otherwise / differently,/iˈnat͡ʂɛj/,ee-NAH-chey,47823
497,świecie,world / in the world,/ˈɕfjɛ.t͡ɕɛ/,shfyeh-CHEH,47523
498,znów,again,/znuv/,znoov,47447
499,wyglądasz,you look,/vɨˈɡwɔ̃.das/,vih-GWON-dash,47416
500,przynajmniej,at least,/pʂɨˈnajmɲɛj/,pshih‑NYEIM‑nyeh,47366